{
  "mean": [
    3.8450520833333335,
    121.65625,
    72.38671875,
    29.108072916666668,
    140.671875,
    32.45520833333333,
    0.47187630208333325,
    33.240885416666664
  ],
  "std": [
    3.3695780626988694,
    30.43828582241517,
    12.096641733978139,
    8.791221023089706,
    86.383059693181,
    6.875176818080995,
    0.3313285950127749,
    11.760231540678685
  ],
  "columns": [
    "Pregnancies",
    "Glucose",
    "BloodPressure",
    "SkinThickness",
    "Insulin",
    "BMI",
    "DiabetesPedigreeFunction",
    "Age"
  ]
}