{
  "mean": [
    42.27461331040037,
    27.344150779168032,
    137.77024124847878
  ],
  "std": [
    22.51730211875095,
    6.608171633655254,
    40.57052832219186
  ],
  "columns": [
    "Age",
    "BMI",
    "Glucose"
  ]
}